Asset Name,Parent Asset,Make,Model,Serial Number
BAK - Bakery,PDX - Portland,,,
CDC - CDC,PDX - Portland,,,
VOG - Vogan,PDX - Portland,,,
BL - Bread Line,BAK - Bakery,,,
EL - English Muffin Line,BAK - Bakery,,,
ML - Main Line,BAK - Bakery,,,
SL - String Line,BAK - Bakery,,,
SUPP - Support Equipment,BAK - Bakery,,,
319 - BREAD PROOFBOX,BL - Bread Line,PFENNING,,
320 - WIDGET RACK UNLOADER,BL - Bread Line,WIDGET,,
322 - 960 TUNNEL OVEN,BL - Bread Line,APV,960,44159
326 - B/L METAL DETECTOR,BL - Bread Line,,,
328 - BREAD COOLER,BL - Bread Line,STEWART,,B1018174
330 - BREAD PAN STACKER,BL - Bread Line,STEWART,,B09236
331 - BREAD PAN UNSTACKER,BL - Bread Line,STEWART,,B011308
366 - UBE SLICER #1,BL - Bread Line,UBE,90-75,1800-521
367 - UBE SLICER #2,BL - Bread Line,UBE,90-75,1800-587
368 - UBE OVERWRAPPER #1,BL - Bread Line,UBE,175,175-061
369 - UBE OVERWRAPPER #2,BL - Bread Line,UBE,175,175-060
370 - UBE BAGGER #1,BL - Bread Line,UBE,75-1,7500-268
371 - UBE BAGGER #2,BL - Bread Line,UBE,75-1,7500-267
308 - #3 MIXER,BL - Bread Line,BAKER PERKINS,1300#,
316 - V/L BREAD OVERHEAD PROOFER,BL - Bread Line,APV,APV,
310 - #4 MIXER,BL - Bread Line,APV,2000#,54961
314 - BL VEMAG DIVIDER,BL - Bread Line,VEMAG,HP 25E,1640793
317 - BREAD SHEETER/ MOULDER,BL - Bread Line,LANE,P-4,P-4 3090
300 - OS DOUGH TRO SCALES,BL - Bread Line,,,
301 - OS TRO GREASE SYSTEM,BL - Bread Line,,,
302 - SIFTING FLOUR HOPPER ASSY,BL - Bread Line,BAKER PERKINS,,
303 - #3 MIXER FLOUR HOPPER ASSY,BL - Bread Line,APV,900 LBS,
303 - #3 MIXER FLOUR HOPPER SCALE ASSY,BL - Bread Line,BAKER PERKINS,900#,
304 - #4 MIXER FLOUR HOPPER ASSY,BL - Bread Line,APV,900 LBS,
304 - #4 MIXER FLOUR HOPPER SCALE ASSY,BL - Bread Line,BAKER PERKINS,900#,
305 - #3 MIXER SUGAR METER,BL - Bread Line,,,
305 - #3 MIXER WATER METER,BL - Bread Line,SPANGLER,,
305 - #3 MIXER SOY OIL METER,BL - Bread Line,,,
305 - #3 MIXER YEAST METER,BL - Bread Line,,,
306 - #4 MIXER SUGAR METER,BL - Bread Line,,,
306 - #4 MIXER WATER METER,BL - Bread Line,SPANGLER,,
306 - #4 MIXER SOY OIL METER,BL - Bread Line,,,
307 - #4 MIXER INGREDIATOR ASSY,BL - Bread Line,APV CREPACO,APV CREPACO (150 GAL,AO176
309 - #4 TRO-HOIST ASSY,BL - Bread Line,APV,40676,W/O #2827
310 - #4 MIXER DOOR HYDRAULIC UNIT,BL - Bread Line,APPLIED IND,,
311 - BREAD TRO ROOM,BL - Bread Line,CLOCK ASSOC,,
312 - BL BUN TROUGHS,BL - Bread Line,UNION STEEL,,
313 - #3 AND#4 MIXER GLYCOL SYSTEM,BL - Bread Line,PROCHILLER SYSTEMS,5H60,
315 - BREAD DOUGH ROUNDER,BL - Bread Line,APV,,
318 - HYDROPLATE PAN OILER,BL - Bread Line,BURFORD,7100,
321 - OVEN FEED CONVEYOR,BL - Bread Line,,,
321 - T-TRANSFER,BL - Bread Line,,,
322 - 960 TUNNEL OVEN LOADER,BL - Bread Line,APV,960,44159
322 - 960 TUNNEL OVEN UNLOADER,BL - Bread Line,APV,960,44159
323 - D-1 THRU D-3 CONV,BL - Bread Line,APV,,
324 - AD-II BREAD DEPANNER,BL - Bread Line,STEWART,AD-11,1285684
325 - PAN RETURN CONVEYORS,BL - Bread Line,,,
325 - PAN FEED CONVEYORS,BL - Bread Line,,,
327 - COOLER FEED CONVEYORS,BL - Bread Line,STEWART,,
329 - COOLER DISCHARGE CONVEYORS,BL - Bread Line,,,
332 - BL PAN TRUCKS  90,BL - Bread Line,,,
333 - BL RETARDER BOX,BL - Bread Line,BOHN/HEAT CRAFT,B2T055L6CTAR,T04K 03390
"350 - 1,2,3,FLOUR SYSTEM ACCUMULATORS & BLOWERS",BL - Bread Line,,,
"350 - 1,2,3,FLOUR SYSTEM SIFTER",BL - Bread Line,,,
"350 - 1,2,3,FLOUR SYSTEM BINS & AUGERS",BL - Bread Line,,,
352 - BREAD COOLER WINDOW FANS,BL - Bread Line,,,
353 - TRO ROOM HEAT & HUMIDITY,BL - Bread Line,,,
355 -  PROOFBOX MONORAIL SYS,BL - Bread Line,PFENNING,,
356 - BREAD SEEDER/SPRAYER & TOPPING UNIT,BL - Bread Line,FEDCO,,
357 - HIGH SPEED FLOUR DUSTER,BL - Bread Line,BURFORD,,
360 - #3 BREAD YEAST METER,BL - Bread Line,GOLDEN SEAL,RED LION,
361 - #4 BREAD YEAST METER,BL - Bread Line,GOLDEN SEAL,RED LION,
362 - PAN OIL SUPPLY PUMP SYSTEM,BL - Bread Line,PACO,,
363 - BREAD PROOFBOX RACKS,BL - Bread Line,INDIANA WIRE,,
364 - BREADLINE ELECTRICAL PANELS,BL - Bread Line,APV,,
373 - BURFORD WIRE TYER #1 RH,BL - Bread Line,BURFORD,,
374 - BURFORD WIRE TYER #2 LH,BL - Bread Line,BURFORD,,
375 - FORMOST BREAD BAGGER,BL - Bread Line,FORMOST,13261,6638
376 - FORMOST KWIK- LOC,BL - Bread Line,KWIK- LOC,,
377 - #3 IMAJE INK JET PRINTER,BL - Bread Line,IMAJE,,
377 - #3 IMAJE INK JET PRINTER,BL - Bread Line,IMAJE,,
378 - B/L DATAMAX H4X PRINTER & BOX MACHINE,BL - Bread Line,DATAMAX,H4X,
379 - #1 KWIK-LOC,BL - Bread Line,KWIK-LOC,,
380 - #2 KWIK-LOC,BL - Bread Line,KWIK-LOC,,
323 - D-1 OVEN DISCHARGE CONVEYOR,BL - Bread Line,,,
323 - D-2 OVEN DISCHARGE CONVEYOR,BL - Bread Line,,,
323 - D-3 OVEN DISCHARGE CONVEYOR,BL - Bread Line,,,
800 - MUFFIN SUGAR METER,EL - English Muffin Line,,,
800 - EL BUN YEAST METER,EL - English Muffin Line,GOLDEN SEAL,RED LION,
800 - E/L MIXER WATER METER,EL - English Muffin Line,SPANGLER,,
802 - AMF DOUGH PUMP,EL - English Muffin Line,AMF,,
810 - CLOCK MUFFIN SCORER/SLICER,EL - English Muffin Line,CLOCK,,
811 - E/L BUN METAL DETECTOR,EL - English Muffin Line,GORING KERR,,
801 - PEERLESS MUFFIN MIXER,EL - English Muffin Line,PEERLESS,HS13HD,208175
804 - CLOCK OVERHEAD PROOFER,EL - English Muffin Line,CLOCK ASSOC,,
805 - CLOCK MUFFIN GRIDDLE,EL - English Muffin Line,CLOCK ASSOCIATES,,
807 - MUFFIN COOLER,EL - English Muffin Line,STEWART,,
811 - FORMOST MUFFIN BAGGER,EL - English Muffin Line,FORMOST,GT-4,
803 - VEMAG DIVIDER,EL - English Muffin Line,VEMAG,HP20E,1630351
800 - MIXER FLOUR SCALE ASSY.,EL - English Muffin Line,BAKER PERKINS,,
800 - E/L BUN ELECTRICAL PANELS,EL - English Muffin Line,BAKERY SERVICES INC,,
800 - MUFFIN SOY OIL METER,EL - English Muffin Line,,,
801 - E/L MIXER GLYCOL SYSTEM,EL - English Muffin Line,,5H60,
803 - AMF MUFFIN ROUNDER,EL - English Muffin Line,AMF,,
803 - VEMAG WATERWHEEL,EL - English Muffin Line,VEMAG,HP20E,1630351
804 - E/L VAC-U-MAX FLOUR RECLAIMS,EL - English Muffin Line,VAC-U-MAX,,
805 - MUFFIN OVEN LOADER,EL - English Muffin Line,CLOCK,,
806 - MUFFIN COOLER INFEED CONVEYORS,EL - English Muffin Line,,,
808 - MUFFIN COOLER OUTFEED CONVEYORS,EL - English Muffin Line,FRANZ,,
809 - FORMOST SORTING TABLE,EL - English Muffin Line,FORMOST,,
811 - E/L KWIK- LOC,EL - English Muffin Line,KWIK- LOC,RIGHT HAND,
812 - UBE MUFFIN BAGGER,EL - English Muffin Line,UBE,,
812 - E/L HINGE SLICER,EL - English Muffin Line,UBE,,
812 - E/L BAND SLICER,EL - English Muffin Line,UBE,,
812 - KWIK- LOC ASSY.,EL - English Muffin Line,KWIK- LOC,RIGHT HAND,
813 - HAYSSEN MARKEM CODER,EL - English Muffin Line,MARKEM CORP,,
814 - KWIK-LOK BOX FORMER,EL - English Muffin Line,KLIKLOK WOODMAN,K22703,
815 - YAMATO SCALE HEAD,EL - English Muffin Line,YAMATO (HAYSSEN),,X85179
816 - CUBE OVEN FEED CONV. #1 THRU #3,EL - English Muffin Line,CLOCK ASSOC.,,
817 - #6 IMAJE INK JET CODER,EL - English Muffin Line,IMAJE,,
818 - #7 IMAJE INK JET CODER,EL - English Muffin Line,IMAJE,,
047 - 069 WEST MIXER #1,ML - Main Line,APV BAKER,69,58232
048 - SUGAR METER BUN #1 SPONGE,ML - Main Line,"SPANGLER, NEPTUNE","SPANGLER, NEPTUNE",
048 - WATER METER BUN #1 SPONGE,ML - Main Line,SPANGLER,,
049 - SUGAR METER BUN #2 DOUGH,ML - Main Line,"SPANGLER, NEPTUNE","SPANGLER, NEPTUNE",
049 - WATER METER BUN #2 DOUGH,ML - Main Line,SPANGLER,,
070 - AMF 610 P.O.M. NORTH,ML - Main Line,APV BAKER,AMF 610,
071 - AMF 610 P.O.M. SOUTH,ML - Main Line,APV BAKER,AMF 610,
105 - ML BUN PAN UNSTACKER,ML - Main Line,APV,42-SS,1881-01-006
109 - D-1 THRU D-4 OVEN DISCH. CONVS.,ML - Main Line,APV,APV BAKER,
110 - MAINLINE BUN DEPANNER,ML - Main Line,SASIB,CD-29 (999294-B591),300810
119 - BUN METAL DETECTOR #1,ML - Main Line,GORING KERR,66 SS 24 INT R,156083806
120 - BUN METAL DETECTOR #2,ML - Main Line,GORING KERR,66 SS 24 INT R,
046 - 069 EAST DO-MIXER #2,ML - Main Line,APV BAKER,69,58233
066 - M/L DOUGH CHUNKER,ML - Main Line,ALLIANCE BAKERY SYSTEMS,,
068 - AMF KRD-IIE BUN DIVIDER (SOUTH),ML - Main Line,AMF,AMF KRD-IIE,97038
069 - AMF KRD-IIE BUN DIVIDER (NORTH),ML - Main Line,AMF,AMF KRD-IIE,97037
078 - R-21 THRU R-45 PAN CONVEYORS,ML - Main Line,APV BAKER,APV BAKER,
079 - P-1 THRU P-9 PROOFER FEED CONVS,ML - Main Line,APV BAKER,APV BAKER,
097 - P-10 THRU P-15 PROOFER FEED CONV,ML - Main Line,APV BAKER,APV BAKER,
098 - R-1 THRU R-20 PAN CONVEYORS,ML - Main Line,APV BAKER,APV BAKER,
098 - R-7 THRU R-20 PAN CONVEYORS,ML - Main Line,APV BAKER,APV BAKER,
102 - 270 TRAY AUTOMATIC PROOFBOX,ML - Main Line,APV BAKER,APV BAKER,58251
103 - GLAZE SPRAYER,ML - Main Line,SPRAYING SYSTEM,,
104 - O-1 THRU O-4 OVEN FEED CONVS.,ML - Main Line,APV BAKER,APV BAKER,
106 - ML BUN PAN STACKER,ML - Main Line,APV,60,60600
116 - C-1 THRU C-19 PRODUCT CONVS.,ML - Main Line,STEWERT,WENDWAY,
117 - BUN COOLER,ML - Main Line,VELTON PULVER,VELTON PULVER,31080-69
118 - C-20 THRU C-55 PRODUCT CONVS,ML - Main Line,STEWERT,WENDWAY,
124 - #7 AMF HS BUN BULKPACKER,ML - Main Line,AMF,AMF HS,1041
129 - #8 AMF HS BUN BULKPACKER,ML - Main Line,AMF,AMF HS,1042
135 - 9A UBE AL90 BUN BAGGER,ML - Main Line,UBE,AL90,2373
077 - BUN SEEDER/SPLITTER/SPRAYER,ML - Main Line,BURFORD,BURFORD SMART SEEDER,15754
115 - POST OVEN  BUN SPRAYER,ML - Main Line,SRAYING SYSTEMS,,
141 - 9B UBE AL90 BUN BAGGER,ML - Main Line,UBE,AL90,2372
107 - 970 38 TRAY OVEN,ML - Main Line,APV BAKER,970,58253
039 - ML TRO GREASE SYSTEM,ML - Main Line,,,
040 - NS DOUGH TRO SCALES,ML - Main Line,,,
041 - ML TRO ROOM HEAT & HUMIDITY,ML - Main Line,CLOCK ASSOC,,
042 - ALL BUN #1 ELECTRICAL PANELS,ML - Main Line,ELECTRICAL PANELS,,
043 - BUN #1 FLOUR SYSTEM ACCUMULATOR & BLOWER,ML - Main Line,APV BAKER,,
043 - BUN #1 FLOUR SYSTEM SIFTER,ML - Main Line,APV BAKER,,
043 - BUN #1 FLOUR SYSTEM BINS & AUGERS,ML - Main Line,APV BAKER,,
044 - TRO-HOIST BUN #1  (EAST),ML - Main Line,APV BAKER,APV BAKER,58248
045 - TRO-HOIST BUN #1  (WEST),ML - Main Line,APV BAKER,APV BAKER,58249
048 - SOY OIL METER BUN #1 SPONGE,ML - Main Line,"SPANGLER, NEPTUNE","SPANGLER, NEPTUNE",
049 - SOY OIL METER BUN #2 DOUGH,ML - Main Line,"SPANGLER, NEPTUNE","SPANGLER, NEPTUNE",
050 - DOOR HYDRAULIC UNIT EAST,ML - Main Line,APPLIED IND,,
051 - DOOR HYDRAULIC UNIT WEST,ML - Main Line,APPLIED IND,,
054 - INGREDIATOR ASSY (EAST),ML - Main Line,APV CREPACO,APV CREPACO (150 GAL,AO176
055 - INGREDIATOR ASSY (WEST),ML - Main Line,APV CREPACO,APV CREPACO (150 GAL,AO177
060 - BUNLINE #1 TRO-ROOM,ML - Main Line,CLOCK ASSOC,CLOCK,
061 - EAST MIXER FREON COMPRESSOR,ML - Main Line,CARRIER,CARRIER 5H60,
062 - WEST MIXER FREON COMPRESSOR,ML - Main Line,CARRIER,CARRIER 5H60,
072 - BUN PAN SHAKER (NORTH),ML - Main Line,BURFORD,BURFORD,
073 - BUN PAN SHAKER (SOUTH),ML - Main Line,BURFORD,BURFORD,
074 - KAISER CUTTING EQUIP (SOUTH),ML - Main Line,BAKERMATE,BAKERMATE (LEMATIC,
075 - KAISER CUTTING EQUIP (NORTH),ML - Main Line,BAKERMATE,BAKERMATE (LEMATIC),
099 - PAN CLEANER,ML - Main Line,HENRY GROUP,THG2600BPC,BPC 0305B
100 - MAGNETIC PAN INDEXER (NORTH),ML - Main Line,EMICO,2150-EU-A,
101 - MAGNETIC PAN INDEXER (SOUTH),ML - Main Line,EMICO,2150-EU-A,
108 - CATALYTIC OXIDIZER,ML - Main Line,,,
123 - #7 BUN BAND SLICER,ML - Main Line,LEMATIC,DOUBLE BAND SLICER,848287
124 - BASKET ORIENTOR,ML - Main Line,AMF,30-A-52,150238
125 - #7 BUN BASKET LOADER,ML - Main Line,AMF,BL,99088
126 - #7 BUN BASKET STACKER,ML - Main Line,PULVER,PULVER BOTTOM-UP STK,
127 - #7 MARKEM CODER,ML - Main Line,MARKEM,SMARTDATE 2,98COB11163
128 - #8 BUN BAND SLICER,ML - Main Line,LEMATIC,DOUBLE BAND SLICER,874687
129 - BASKET ORIENTOR,ML - Main Line,AMF,30-A-52,150239
130 - #8 BUN BASKET LOADER,ML - Main Line,AMF,BL,99087
131 - #8 BUN BASKET STACKER,ML - Main Line,PULVER,BOTTOM-UP STACKER,32338-026-1
132 - #8 MARKEM CODER,ML - Main Line,MARKEM,SMARTDATE 2,99COB11243
134 - 9A MARKEM CODER,ML - Main Line,MARKEM,SMARTDATE 5,94457
136 - 9A BAND SLICER,ML - Main Line,UBE,,
137 - 9A BAND SLICER #2,ML - Main Line,AMF,800,279
138 - 9A CONEY SLICER,ML - Main Line,UBE,HINGE SLICER,
139 - 9A KWIK LOK  ASSEMBLY,ML - Main Line,KWIK LOK 872 XLS,1JNRPL,94455
142 - 9B BAND SLICER,ML - Main Line,UBE,,
143 - 9B BAND SLICER #2,ML - Main Line,AMF,800,279
144 - 9B CONEY SLICER,ML - Main Line,UBE,HINGE SLICER,
145 - 9B KWIK LOK ASSEMBLY,ML - Main Line,KWIK LOK 872 XLS,1JNRPL,94458
147 - 9B MARKEM CODER,ML - Main Line,MARKEM,SMARTDATE 5,94460
148 - BUN BASKET WASHER,ML - Main Line,KUHL,PCW1200  HIPE 3000,1200
149 - BA-1 THRU BA-11 BASKET CONVS.,ML - Main Line,PULVER,BASKET CONVEYORS,
150 - 9B COSTCO PACKAGING LINE,ML - Main Line,KWIK-LOK,1084,5598
151 - ML PAN TRUCKS  90,ML - Main Line,,,
152 - #4 IMAJE INK JET CODER,ML - Main Line,IMAJE,,
153 - #5 IMAJE INK JET CODER,ML - Main Line,IMAJE,,
154 - ML BUN FLOUR DUST COLLECTOR,ML - Main Line,AGETT,,
155 - TELESONIC BAGGER,ML - Main Line,,,
156 - ML BUN TROUGHS,ML - Main Line,UNION STEEL,,
157 - SPONGE YEAST METER,ML - Main Line,GOLDEN SEAL,RED LOIN,
158 - DOUGH MIXER YEAST METER,ML - Main Line,GOLDEN SEAL,RED LION,
159 - ML SPONGE FLOUR HOPPER SCALE ASSY,ML - Main Line,BAKER PERKINS,900#,
160 - DOUGH MIXER FLOUR HOPPER SCALE ASSY,ML - Main Line,BAKER PERKINS,900#,
161 - ML SIFTING FLOUR HOPPER ASSY,ML - Main Line,BAKER PERKINS,,
163 - VACUMAX FLOUR RECLAIMS,ML - Main Line,VAC-U-MAX,,
164 - ML BUN PRESSURE BOARDS,ML - Main Line,AMF,,
166 - PRODUCTION PRODUCT SCALES,ML - Main Line,,,
168 - M/L BUN GLYCOL SYSTEM,ML - Main Line,PRO CHILLER SYSTEMS,PDRAH3/40F27M22SP,817131104
168 - GLYCOL COMPRESSOR #1,ML - Main Line,,,
168 - GLYCOL COMPRESSOR #2,ML - Main Line,,,
168 - GLYCOL COMPRESSOR #3,ML - Main Line,,,
169 - M/L BUN ICE WATER SYSTEM,ML - Main Line,,,
170 - BELCOR BOX FORMER/TAPER,ML - Main Line,BELCOR,,
078 - R-21 PAN CONVEYOR,ML - Main Line,,,
078 - R-22 PAN CONVEYOR,ML - Main Line,,,
078 - R-23 PAN CONVEYOR,ML - Main Line,,,
078 - R-24 PAN CONVEYOR,ML - Main Line,,,
078 - R-25 PAN CONVEYOR,ML - Main Line,,,
078 - R-26 PAN CONVEYOR,ML - Main Line,,,
078 - R-27 PAN CONVEYOR,ML - Main Line,,,
078 - R-28 PAN CONVEYOR,ML - Main Line,,,
078 - R-29 PAN CONVEYOR,ML - Main Line,,,
078 - R-30 PAN CONVEYOR,ML - Main Line,,,
078 - R-31 PAN CONVEYOR,ML - Main Line,,,
078 - R-32 PAN CONVEYOR,ML - Main Line,,,
078 - R-33 PAN CONVEYOR,ML - Main Line,,,
078 - R-34 PAN CONVEYOR,ML - Main Line,,,
078 - R-35 PAN CONVEYOR,ML - Main Line,,,
078 - R-36 PAN CONVEYOR,ML - Main Line,,,
078 - R-37 PAN CONVEYOR,ML - Main Line,,,
078 - R-38 PAN CONVEYOR,ML - Main Line,,,
078 - R-39 PAN CONVEYOR,ML - Main Line,,,
078 - R-40 PAN CONVEYOR,ML - Main Line,,,
078 - R-41 PAN CONVEYOR,ML - Main Line,,,
078 - R-42 PAN CONVEYOR,ML - Main Line,,,
078 - R-43 PAN CONVEYOR,ML - Main Line,,,
078 - R-44 PAN CONVEYOR,ML - Main Line,,,
078 - R-45 PAN CONVEYOR,ML - Main Line,,,
079 - P-1 PAN CONVEYOR,ML - Main Line,,,
079 - P-2 PAN CONVEYOR,ML - Main Line,,,
079 - P-3 PAN CONVEYOR,ML - Main Line,,,
079 - P-4 PAN CONVEYOR,ML - Main Line,,,
079 - P-5 PAN CONVEYOR,ML - Main Line,,,
079 - P-6 PAN CONVEYOR,ML - Main Line,,,
079 - P-7 PAN CONVEYOR,ML - Main Line,,,
079 - P-8 PAN CONVEYOR,ML - Main Line,,,
079 - P-9 PAN CONVEYOR,ML - Main Line,,,
097 - P-10 PAN CONVEYOR,ML - Main Line,,,
097 - P-11 PAN CONVEYOR,ML - Main Line,,,
097 - P-12 PAN CONVEYOR,ML - Main Line,,,
097 - P-13 PAN CONVEYOR,ML - Main Line,,,
097 - P-14 PAN CONVEYOR,ML - Main Line,,,
097 - P-15 PAN CONVEYOR,ML - Main Line,,,
098 - R-1 PAN CONVEYOR,ML - Main Line,,,
098 - R-2 PAN CONVEYOR,ML - Main Line,,,
098 - R-3 PAN CONVEYOR,ML - Main Line,,,
098 - R-4 PAN CONVEYOR,ML - Main Line,,,
098 - R-5 PAN CONVEYOR,ML - Main Line,,,
098 - R-6 PAN CONVEYOR,ML - Main Line,,,
098 - R-10 PAN CONVEYOR,ML - Main Line,,,
098 - R-11 PAN CONVEYOR,ML - Main Line,,,
098 - R-12 PAN CONVEYOR,ML - Main Line,,,
098 - R-13 PAN CONVEYOR,ML - Main Line,,,
098 - R-14 PAN CONVEYOR,ML - Main Line,,,
098 - R-15 PAN CONVEYOR,ML - Main Line,,,
098 - R-16 PAN CONVEYOR,ML - Main Line,,,
098 - R-17 PAN CONVEYOR,ML - Main Line,,,
098 - R-18 PAN CONVEYOR,ML - Main Line,,,
098 - R-19 PAN CONVEYOR,ML - Main Line,,,
098 - R-20 PAN CONVEYOR,ML - Main Line,,,
098 - R-7 PAN CONVEYOR,ML - Main Line,,,
098 - R-8 PAN CONVEYOR,ML - Main Line,,,
098 - R-9 PAN CONVEYOR,ML - Main Line,,,
104 - O-1 OVEN FEED CONVEYOR,ML - Main Line,,,
104 - O-2 OVEN FEED CONVEYOR,ML - Main Line,,,
104 - O-3 OVEN FEED CONVEYOR,ML - Main Line,,,
104 - O-4 OVEN FEED CONVEYOR,ML - Main Line,,,
109 - D-1 OVEN DISCHARGE CONVEYOR,ML - Main Line,,,
109 - D-2 OVEN DISCHARGE CONVEYOR,ML - Main Line,,,
109 - D-3 OVEN DISCHARGE CONVEYOR,ML - Main Line,,,
109 - D-4 OVEN DISCHARGE CONVEYOR,ML - Main Line,,,
116 - C-1 PRODUCT CONVEYOR,ML - Main Line,,,
116 - C-10 PRODUCT CONVEYOR,ML - Main Line,,,
116 - C-11 PRODUCT CONVEYOR,ML - Main Line,,,
116 - C-12 PRODUCT CONVEYOR,ML - Main Line,,,
116 - C-13 PRODUCT CONVEYOR,ML - Main Line,,,
116 - C-14 PRODUCT CONVEYOR,ML - Main Line,,,
116 - C-15 PRODUCT CONVEYOR,ML - Main Line,,,
116 - C-16 PRODUCT CONVEYOR,ML - Main Line,,,
116 - C-17 PRODUCT CONVEYOR,ML - Main Line,,,
116 - C-18 PRODUCT CONVEYOR,ML - Main Line,,,
116 - C-19 PRODUCT CONVEYOR,ML - Main Line,,,
116 - C-2 PRODUCT CONVEYOR,ML - Main Line,,,
116 - C-3 PRODUCT CONVEYOR,ML - Main Line,,,
116 - C-4 PRODUCT CONVEYOR,ML - Main Line,,,
116 - C-5 PRODUCT CONVEYOR,ML - Main Line,,,
116 - C-6 PRODUCT CONVEYOR,ML - Main Line,,,
116 - C-7 PRODUCT CONVEYOR,ML - Main Line,,,
116 - C-8 PRODUCT CONVEYOR,ML - Main Line,,,
116 - C-9 PRODUCT CONVEYOR,ML - Main Line,,,
118 - C-20 PRODUCT CONVEYOR,ML - Main Line,,,
118 - C-21 PRODUCT CONVEYOR,ML - Main Line,,,
118 - C-22 PRODUCT CONVEYOR,ML - Main Line,,,
118 - C-23 PRODUCT CONVEYOR,ML - Main Line,,,
118 - C-24 PRODUCT CONVEYOR,ML - Main Line,,,
118 - C-25 PRODUCT CONVEYOR,ML - Main Line,,,
118 - C-26 PRODUCT CONVEYOR,ML - Main Line,,,
118 - C-27 PRODUCT CONVEYOR,ML - Main Line,,,
118 - C-28 PRODUCT CONVEYOR,ML - Main Line,,,
118 - C-29 PRODUCT CONVEYOR,ML - Main Line,,,
118 - C-30 PRODUCT CONVEYOR,ML - Main Line,,,
118 - C-31 PRODUCT CONVEYOR,ML - Main Line,,,
118 - C-32 PRODUCT CONVEYOR,ML - Main Line,,,
118 - C-33 PRODUCT CONVEYOR,ML - Main Line,,,
118 - C-34 PRODUCT CONVEYOR,ML - Main Line,,,
118 - C-35 PRODUCT CONVEYOR,ML - Main Line,,,
118 - C-36 PRODUCT CONVEYOR,ML - Main Line,,,
118 - C-37 PRODUCT CONVEYOR,ML - Main Line,,,
118 - C-38 PRODUCT CONVEYOR,ML - Main Line,,,
118 - C-39 PRODUCT CONVEYOR,ML - Main Line,,,
118 - C-40 PRODUCT CONVEYOR,ML - Main Line,,,
118 - C-41 PRODUCT CONVEYOR,ML - Main Line,,,
118 - C-42 PRODUCT CONVEYOR,ML - Main Line,,,
118 - C-43 PRODUCT CONVEYOR,ML - Main Line,,,
118 - C-44 PRODUCT CONVEYOR,ML - Main Line,,,
118 - C-45 PRODUCT CONVEYOR,ML - Main Line,,,
118 - C-46 PRODUCT CONVEYOR,ML - Main Line,,,
118 - C-47 PRODUCT CONVEYOR,ML - Main Line,,,
118 - C-48 PRODUCT CONVEYOR,ML - Main Line,,,
118 - C-49 PRODUCT CONVEYOR,ML - Main Line,,,
118 - C-50 PRODUCT CONVEYOR,ML - Main Line,,,
118 - C-51 PRODUCT CONVEYOR,ML - Main Line,,,
118 - C-52 PRODUCT CONVEYOR,ML - Main Line,,,
118 - C-53 PRODUCT CONVEYOR,ML - Main Line,,,
118 - C-54 PRODUCT CONVEYOR,ML - Main Line,,,
118 - C-55 PRODUCT CONVEYOR,ML - Main Line,,,
149 - BA-1 MAIN LINE BASKET CONVEYOR,ML - Main Line,,,
149 - BA-10 MAIN LINE BASKET CONVEYOR,ML - Main Line,,,
149 - BA-11 MAIN LINE BASKET CONVEYOR,ML - Main Line,,,
149 - BA-2 MAIN LINE BASKET CONVEYOR,ML - Main Line,,,
149 - BA-3 MAIN LINE BASKET CONVEYOR,ML - Main Line,,,
149 - BA-4 MAIN LINE BASKET CONVEYOR,ML - Main Line,,,
149 - BA-5 MAIN LINE BASKET CONVEYOR,ML - Main Line,,,
149 - BA-6 MAIN LINE BASKET CONVEYOR,ML - Main Line,,,
149 - BA-7 MAIN LINE BASKET CONVEYOR,ML - Main Line,,,
149 - BA-8 MAIN LINE BASKET CONVEYOR,ML - Main Line,,,
149 - BA-9 MAIN LINE BASKET CONVEYOR,ML - Main Line,,,
501 - #1 MIXER SUGAR METER,SL - String Line,NEPTUNE,,
502 - #1 MIXER WATER METER,SL - String Line,SPANGLER,,
508 - #2 MIXER SUGAR METER,SL - String Line,NEPTUNE,,
509 - #2 MIXER WATER METER,SL - String Line,SPANGLER,,
515 - ADAMATIC OVERHEAD,SL - String Line,ADAMATIC,,
517 - BUN PROOFBOX,SL - String Line,PFENNING,,
518 - BUN SEEDER/SPRAYER/SPLITTER,SL - String Line,BURFORD,,
519 - OF-1 THRU OF-5 CONVEYORS,SL - String Line,FRANZ,,
521 - OVEN DISCHARGE CONVEYORS OD-1 THRU OD-2 ,SL - String Line,BENDA,,
525 - VARIETY BUN PAN STACKER,SL - String Line,PULVER,31146-54-C2,
525 - VARIETY BUN PAN UNSTACKER,SL - String Line,PULVER,,
529 - SL METAL DETECTOR,SL - String Line,GORING KERR,,
532 - #10 PACKAGING LINE,SL - String Line,UBE,06HLEXT,2248
541 - #1 VL BUN YEAST METER,SL - String Line,GOLDEN SEAL,RED LION,
542 - #2 VL BUN YEAST METER,SL - String Line,GOLDEN SEAL,RED LION,
556 - R-1 THROUGH R-11 PAN CONVEYORS,SL - String Line,PROD SYSTEMS,,
506 - #1 MIXER,SL - String Line,BAKER PERKINS,1600 #,46305
510 - #2 MIXER,SL - String Line,APV / BAKER PERKINS,MODEL 900,MACHINE 55180
513 - SL DOUGH ROUNDER,SL - String Line,Werner & Pfleiderer,CCR59-HDK,H595107
515 - ADAMATIC STAMPER,SL - String Line,KONEG,,
520 - STRING LINE OVEN,SL - String Line,BAKER PERKINS,38 TRAY 970,56303
523 - AD-III BUN DEPANNER,SL - String Line,STEWERT,AD-III,D1085650
527 - VARIETY BUN COOLER,SL - String Line,PULVER,"24""",
537 - #11 TRIPPLE BAGGER,SL - String Line,UBE,1216,
515 - WINKLER STRINGLINE,SL - String Line,WINKLER,,
512 - SL VEMAG DIVIDER AND DOUGH HOPPER,SL - String Line,VEMAG,HP20E,1630372
512 - ADAMATIC DIVIDER,SL - String Line,BELLSHAW ADAMATIC,VDR 4/6,79225076 (M#97510)
500 - SL BUN PAN TRUCKS  31,SL - String Line,,,
501 - #1 MIXER SOY OIL METER,SL - String Line,NEPTUNE,,
503 - #1 MIXER FLOUR SCALE ASSY.,SL - String Line,BAKER PERKINS,,
504 - #1 MIXER INGREDIATER,SL - String Line,CREPACO,,
505 - #1 MIXER TRO-HOIST,SL - String Line,BAKER PERKINS,,
506 - #1 MIXER DOOR HYDRAULIC UNIT,SL - String Line,APPLIED IND,,
507 - #1 AND #2 MIXER GLYCOL SYSTEM,SL - String Line,PRO CHILLER SYSTEMS,5H40,
508 - #2 MIXER SOY OIL METER,SL - String Line,NEPTUNE,,
514 - ADMATIC DOUGH CHUTE/TROUGH,SL - String Line,,,
514 - ADAMATIC CHUNKER,SL - String Line,GIMLICK,,
515 - ADAMATIC,SL - String Line,,,
515 - ADAMATIC DOUGH CONVEYORS,SL - String Line,ADAMATIC,,
515 - ADMATIC RETRACT CONV,SL - String Line,ADAMATIC,,
516 - TROMP LOADER/UNLOADER,SL - String Line,TROMP,,
522 - OVEN DISCHARGE CONVEYORS OD-3,SL - String Line,BAKER PERKINS,,
523 - ADJUSTABLE SPEED PAN CONVEYORS,SL - String Line,BAKERY SERVICES INC,,
523 - ADJUSTABLE SPEED PRODUCT CONVEYORS,SL - String Line,BAKERY SERVICES INC,,
524 - B-1 THRU B-11 PAN CONVEYORS,SL - String Line,BAKERY SERVICES INC,,
526 - SCF-1 THRU SCF-7  BUN COOLER FEED CONVS.,SL - String Line,PULVER,,
528 - SCD-1 THRU SCD-21 VL BUN COOLER DISCH. CONVS,SL - String Line,PULVER,,
531 - CD-7 THRU CD-14 BUN COOLER DISCHARGE CONV,SL - String Line,,,
533 - #10 MARKEM CODER,SL - String Line,MARKEM,236,
533 - #10 KWIK-LOK ASSY,SL - String Line,KWIK-LOK,GJIL (LEFT HAND),70522-2002 TYPE 872B
534 - #11 HINGE SLICER #1,SL - String Line,UBE,,
535 - #11 HINGE SLICER #2,SL - String Line,UBE,,
536 - #11 BAND SLICER,SL - String Line,UBE,,
537 - BURFORD TYER,SL - String Line,,,
537 - TRIPLE BAGGER KWIK-LOK,SL - String Line,KWIK-LOC,,
538 - #11 UBE BAGGER ASSY,SL - String Line,UBE,MODEL 90 AUTOLOAD,1995
539 - #11 KWIK-LOK ASSY,SL - String Line,KWIK-LOK,GJIL (LEFT HAND),70522-2002 TYPE 872B
540 - VL BUN PROOFBOX RACKS,SL - String Line,PHFENNING,,
543 - VL BUN ELECTRICAL PANELS,SL - String Line,BAKERY SERVICES INC,,
544 - #2 MIXER FLOUR SCALE ASSY,SL - String Line,BAKER PERKINS,,
548 - #4 AND #5 FLOUR USE BIN ASSEMBLY,SL - String Line,APV,"29,000 LB CAP  EACH",
549 - #4 AND #5 FLOUR BIN BLOWER & ACCUMULATOR,SL - String Line,ALLIS CHALMERSS,,
549 - #4 AND #5 FLOUR SIFTER,SL - String Line,ALLIS CHALMERSS,,
550 - DAY INFEED TO SHEETER,SL - String Line,DAY MFG.,,
551 - P-1 PROD CONVEYOR,SL - String Line,WENDWAY,,
552 - P-2 PRODUCT CONVEYOR,SL - String Line,WENDWAY,,
553 - P-3 PRODUCT CONVEYOR,SL - String Line,WENDWAY,,
554 - WINKLER STRINGLINE,SL - String Line,,,
555 - HYDROPLATE PAN OILER,SL - String Line,BURFORD,7100,
557 - BURFORD PATTERN SPLITTER AND CONVEYOR,SL - String Line,BURFORD,PS2R,
558 - #11 IMAJE PRINTER,SL - String Line,IMAJE,,
559 - S/L SHEETER/ MOULDER,SL - String Line,LANE,S-4,S-4 3115
560 - S/L PAN CLEANER,SL - String Line,MAC,FPC24,133803-001-1
561 - #11 DATAMAX H4X PRINTER & BOX MACHINE,SL - String Line,DATAMAX,H4X,
562 - #10 DATAMAX H4X PRINTER & BOX MACHINE,SL - String Line,DATAMAX,H4X,
519 - OF-1 STRING LINE OVEN FEED CONVEYOR,SL - String Line,,,
519 - OF-2 STRING LINE OVEN FEED CONVEYOR,SL - String Line,,,
519 - OF-3 STRING LINE OVEN FEED CONVEYOR,SL - String Line,,,
519 - OF-4 STRING LINE OVEN FEED CONVEYOR,SL - String Line,,,
519 - OF-5 STRING LINE OVEN FEED CONVEYOR,SL - String Line,,,
521 - OD-1 STRING LINE OVEN DISCHARGE CONVEYOR ,SL - String Line,,,
521 - OD-2 STRING LINE OVEN DISCHARGE CONVEYOR ,SL - String Line,,,
522 - OD-3 STRING LINE OVEN DISCHARGE CONVEYOR ,SL - String Line,,,
524 - B-1 STRING LINE PAN CONVEYOR,SL - String Line,,,
524 - B-10 STRING LINE PAN CONVEYOR,SL - String Line,,,
524 - B-11 STRING LINE PAN CONVEYOR,SL - String Line,,,
524 - B-2 STRING LINE PAN CONVEYOR,SL - String Line,,,
524 - B-3 STRING LINE PAN CONVEYOR,SL - String Line,,,
524 - B-4 STRING LINE PAN CONVEYOR,SL - String Line,,,
524 - B-5 STRING LINE PAN CONVEYOR,SL - String Line,,,
524 - B-6 STRING LINE PAN CONVEYOR,SL - String Line,,,
524 - B-7 STRING LINE PAN CONVEYOR,SL - String Line,,,
524 - B-8 STRING LINE PAN CONVEYOR,SL - String Line,,,
524 - B-9 STRING LINE PAN CONVEYOR,SL - String Line,,,
526 - SCF-1 COOLER FEED CONVEYOR,SL - String Line,,,
526 - SCF-2 COOLER FEED CONVEYOR,SL - String Line,,,
526 - SCF-3 COOLER FEED CONVEYOR,SL - String Line,,,
526 - SCF-4 COOLER FEED CONVEYOR,SL - String Line,,,
526 - SCF-5 COOLER FEED CONVEYOR,SL - String Line,,,
526 - SCF-6 COOLER FEED CONVEYOR,SL - String Line,,,
526 - SCF-7 COOLER FEED CONVEYOR,SL - String Line,,,
528 - SCD-1 COOLER DISCHARGE CONVEYOR,SL - String Line,,,
528 - SCD-10 COOLER DISCHARGE CONVEYOR,SL - String Line,,,
528 - SCD-11 COOLER DISCHARGE CONVEYOR,SL - String Line,,,
528 - SCD-12 COOLER DISCHARGE CONVEYOR,SL - String Line,,,
528 - SCD-13 COOLER DISCHARGE CONVEYOR,SL - String Line,,,
528 - SCD-14 COOLER DISCHARGE CONVEYOR,SL - String Line,,,
528 - SCD-15 COOLER DISCHARGE CONVEYOR,SL - String Line,,,
528 - SCD-16 COOLER DISCHARGE CONVEYOR,SL - String Line,,,
528 - SCD-17 COOLER DISCHARGE CONVEYOR,SL - String Line,,,
528 - SCD-18 COOLER DISCHARGE CONVEYOR,SL - String Line,,,
528 - SCD-19 COOLER DISCHARGE CONVEYOR,SL - String Line,,,
528 - SCD-2 COOLER DISCHARGE CONVEYOR,SL - String Line,,,
528 - SCD-20 COOLER DISCHARGE CONVEYOR,SL - String Line,,,
528 - SCD-21 COOLER DISCHARGE CONVEYOR,SL - String Line,,,
528 - SCD-3 COOLER DISCHARGE CONVEYOR,SL - String Line,,,
528 - SCD-4 COOLER DISCHARGE CONVEYOR,SL - String Line,,,
528 - SCD-5 COOLER DISCHARGE CONVEYOR,SL - String Line,,,
528 - SCD-6 COOLER DISCHARGE CONVEYOR,SL - String Line,,,
528 - SCD-7 COOLER DISCHARGE CONVEYOR,SL - String Line,,,
528 - SCD-8 COOLER DISCHARGE CONVEYOR,SL - String Line,,,
528 - SCD-9 COOLER DISCHARGE CONVEYOR,SL - String Line,,,
556 - R-1 STRING LINE PAN CONVEYOR,SL - String Line,,,
556 - R-10 STRING LINE PAN CONVEYOR,SL - String Line,,,
556 - R-11 STRING LINE PAN CONVEYOR,SL - String Line,,,
556 - R-2 STRING LINE PAN CONVEYOR,SL - String Line,,,
556 - R-3 STRING LINE PAN CONVEYOR,SL - String Line,,,
556 - R-4 STRING LINE PAN CONVEYOR,SL - String Line,,,
556 - R-5 STRING LINE PAN CONVEYOR,SL - String Line,,,
556 - R-6 STRING LINE PAN CONVEYOR,SL - String Line,,,
556 - R-7 STRING LINE PAN CONVEYOR,SL - String Line,,,
556 - R-8 STRING LINE PAN CONVEYOR,SL - String Line,,,
556 - R-9 STRING LINE PAN CONVEYOR,SL - String Line,,,
557 - BURFORD PATTERN SPLITTER,SL - String Line,,,
557 - BURFORD PATTERN SPLITTER'S CONVEYOR,SL - String Line,,,
561 - #11 DATAMAX H4X BOX MACHINE,SL - String Line,,,
561 - #11 DATAMAX H4X PRINTER,SL - String Line,,,
562 - #10 DATAMAX H4X BOX MACHINE,SL - String Line,,,
562 - #10 DATAMAX H4X PRINTER,SL - String Line,,,
900 - #1 QUINCY 100HP AIR COMPRESSOR,SUPP - Support Equipment,QUINCY,QNW-501-C/A,20204
901 - #2 QUINCY 100HP AIR COMPRESSOR,SUPP - Support Equipment,QUINCY,QNW-501-C/A,40359
902 - #3 QUINCY 60HP AIR COMPRESSOR,SUPP - Support Equipment,QUINCY,QNW-G-271-F/S,906514916
903 - #4 QUINCY V100G COMPRESSOR,SUPP - Support Equipment,QUINCY,QNW-V-100-G,1306518458
904 - REFERIGERATED AIR DRYER,SUPP - Support Equipment,ZEKS,ZE-2000-HSF-A400,UNK-2127
905 - NORTH BOILER,SUPP - Support Equipment,KEWANEE,,
906 - SOUTH BOILER,SUPP - Support Equipment,KEWANEE,,
907 - WATER SOFTENER FOR BOILERS,SUPP - Support Equipment,,FRANZ,
908 - ICE WATER SYSTEM,SUPP - Support Equipment,CHESTER JENSON,,
909 - COOLING TOWER SYSTEM-WEST,SUPP - Support Equipment,BALTIMORE AIR COIL,VXM1-140-3,836973M
910 - COOLING TOWER SYSTEM-EAST,SUPP - Support Equipment,BALTIMORE AIR COIL,VXM1-140-3,836973M
911 - V/L GLYCOL SYSTEM,SUPP - Support Equipment,,,
912 - BUN GLYCOL SYSTEM,SUPP - Support Equipment,,,
913 - YEAST SYSTEM,SUPP - Support Equipment,GOLDEN SEAL,,
914 - OFFICE HVAC SYSTEM,SUPP - Support Equipment,,,
915 - COMPUTER ROOM A/C,SUPP - Support Equipment,CARRIER,,
916 - CORPORATE HVAC SYSTEMS,SUPP - Support Equipment,CARRIER,,
917 - N.P. FREEZER SYSTEM,SUPP - Support Equipment,,,
918 - O.P. BASEMENT FREEZER,SUPP - Support Equipment,,,
919 - O.P. YEAST BOX SYSTEM,SUPP - Support Equipment,,,
920 - 9TH STREET FREEZER,SUPP - Support Equipment,,,
921 - GENERATOR-EMERGENCY DIESEL,SUPP - Support Equipment,,,
922 - PHONE ROOM A/C,SUPP - Support Equipment,,,
923 - OS BULK SUGAR TANK & PUMPS,SUPP - Support Equipment,,,
923 - NS BULK SUGAR TANK & PUMPS,SUPP - Support Equipment,,,
924 - OS BULK OIL TANK AND PUMPS,SUPP - Support Equipment,,,
924 - NS BULK OIL TANK AND PUMPS,SUPP - Support Equipment,,,
925 - OFFICE ATRIUM HVAC,SUPP - Support Equipment,CARRIER,,
926 - O.P. HVAC SYSTEM,SUPP - Support Equipment,,,
927 - CHECKING HVAC SYSTEM,SUPP - Support Equipment,,,
928 - N.P. WRAP HVAC,SUPP - Support Equipment,,,
928 - N.P. HVAC,SUPP - Support Equipment,,,
929 - PROD OFFICE HVAC SYSTEM,SUPP - Support Equipment,CARRIER,,
930 - N.P. LUNCH ROOM HVAC SYSTEM,SUPP - Support Equipment,,,
931 - N.P. HVAC SYSTEM   WEST,SUPP - Support Equipment,,,
932 - N.P. HVAC SYSTEM  EAST,SUPP - Support Equipment,,,
933 - N.P. PLC PANEL HVAC SYSTEM,SUPP - Support Equipment,,,
934 - OP MODEL K AIR INTAKE SYSTEM,SUPP - Support Equipment,,,
935 - TRANSFORMER VAULT SYSTEM,SUPP - Support Equipment,,,
936 - SWITCH GEAR ROOM AIR SYSTEM,SUPP - Support Equipment,,,
937 - PUMPS FOR OIL TOTES,SUPP - Support Equipment,,,
938 - RAMP LOADER # 3,SUPP - Support Equipment,,,
939 - RAMP LOADER # 2,SUPP - Support Equipment,,,
940 - MAKE UP WATER TANK FOR BOILERS,SUPP - Support Equipment,,,
941 - CDC BOILER,SUPP - Support Equipment,,,
942 - TRUCK SHOP BOILER,SUPP - Support Equipment,,,
943 - 9TH ST EAST LIFT,SUPP - Support Equipment,,,
944 - 9TH ST WEST LIFT,SUPP - Support Equipment,,,
945 - TOWER CIRCULATION PUMPS,SUPP - Support Equipment,,,
946 - BULK FLOUR SYSTEM,SUPP - Support Equipment,,,
947 - SEWER 3A,SUPP - Support Equipment,,,
948 - SEWER 2,SUPP - Support Equipment,,,
949 - CLOTHES WASHER,SUPP - Support Equipment,WASHEX,,
950 - CLOTHES DRYER,SUPP - Support Equipment,,,
951 - REFRIGERATED FOUNTAINS,SUPP - Support Equipment,,,
952 - ROOF WIND TURBINES 25,SUPP - Support Equipment,,,
953 - ROOF POWERED TURBINES,SUPP - Support Equipment,,,
954 - CONDENSATE TANK IN BOILER ROOM,SUPP - Support Equipment,,,
955 - BOILER CHEMICAL MAKEUP TANK,SUPP - Support Equipment,,,
956 - WALK IN COOLER,SUPP - Support Equipment,BRUNNER,R650,60004 802R
957 - CONDENSATE PUMP-AIR CMPRESSOR ROOM,SUPP - Support Equipment,HOFFMAN/WATCHMAN,,
958 - LAUNDRY HOT WATER HEATER,SUPP - Support Equipment,,,
959 - EXHAUST FOR DRYER & HOT WATER,SUPP - Support Equipment,,,
960 - BOILER ROOM SUMP PUMP,SUPP - Support Equipment,,,
961 - CHILLER - VOGAN BUILDING TUNNEL,SUPP - Support Equipment,CARLYLE,,
962 - SHOP EQUIPMENT,SUPP - Support Equipment,,,
963 - THRIFT STORE A/C UNIT,SUPP - Support Equipment,,,
964 - NORTH ELEVATOR,SUPP - Support Equipment,,,
965 - FRIEGHT ELEVATOR,SUPP - Support Equipment,,,
966 - SOUTH ELEVATOR,SUPP - Support Equipment,,,
967 - VOGAN ELEVATOR,SUPP - Support Equipment,,,
968 - CORPORATE ELEVATOR,SUPP - Support Equipment,,,
968 - CDC ELEVATORS,SUPP - Support Equipment,,,
969 - GARAGE DOORS,SUPP - Support Equipment,,,
970 - TRO GREASE PUMP SYSTEMS,SUPP - Support Equipment,ARO,,
971 - MINERAL OIL PUMP SYSTEMS,SUPP - Support Equipment,ARO,,
972 - FIRE SPRINKLER SYSTEM,SUPP - Support Equipment,VIKING SPRINKLER,,
973 - ELECTRIC PALLET LIFTS,SUPP - Support Equipment,CROWN,,
974 - HYDRAULIC PALLET LIFTS,SUPP - Support Equipment,HYDRAULIC,,
975 - ELECTRIC FORK LIFT,SUPP - Support Equipment,YALE,,
976 - PROPANE FORK LIFTS,SUPP - Support Equipment,CAT / MITSUBISHI,,
977 - EMERGENCY LIGHTING,SUPP - Support Equipment,EMERGENCY LIGHTING,,
978 - SUMP PUMPS,SUPP - Support Equipment,PACO,,
979 - EXTERIOR LIGHTING,SUPP - Support Equipment,EXTERIOR LIGHTING,,
980 - TOUR REFRIGERATOR,SUPP - Support Equipment,true,,
981 - VOGAN WALK-IN COOLER,SUPP - Support Equipment,POLAR KING,H1020,
982 - IS DEPT. WINDOW A/C,SUPP - Support Equipment,,,
983 - IS DEPT. JONATHAN OFFFICE A/C,SUPP - Support Equipment,,,
984 - IS DEPT. BRIGITS OFFICE A/C,SUPP - Support Equipment,,,
985 - CORP BREAK ROOM REFRIGERATOR,SUPP - Support Equipment,U-LINE,,
986 - CDC BREAK ROOM REFRIGERATOR,SUPP - Support Equipment,KENMORE,,
987 - CDC BREAK ROOM A/C,SUPP - Support Equipment,CARRIER,,
988 - TRUCK SHOP REFRIGERATOR,SUPP - Support Equipment,,,
989 - VOGAN CONF. ROOM REFRIGERATOR,SUPP - Support Equipment,MARVEL,,
990 - VOGAN CONF. ROOM A/C,SUPP - Support Equipment,CARRIER,,
991 - BILL MC. OFFICE A/C,SUPP - Support Equipment,CARRIER,,
992 - THRIFT STORE A/C,SUPP - Support Equipment,CARRIER,,
993 - THRIFT STORE BREAK ROOM REF.,SUPP - Support Equipment,,,
994 - OP BREAK ROOM/REFRIGERATOR,SUPP - Support Equipment,,,
995 - OFFICE REFRIGERATOR,SUPP - Support Equipment,,,
996 - BREAK ROOM FOUNTAIN,SUPP - Support Equipment,HALSEY-TAYLOR,,
997 - BREAK ROOM REFRIGERATOR,SUPP - Support Equipment,KENMORE,,
998 - QA ROOM A/C,SUPP - Support Equipment,COMFORT-AIRE,,
999 - ENGINEERING BREAK ROOM A/C,SUPP - Support Equipment,CARRIER,,
PDX - Portland,PDX - Portland,,,
